,MAP,vocab_size,queries
baseline,0.7588443247669439,1282,7
no_stops,0.7389810090702947,1442,7
stops_stemming,0.7615765486088615,1086,7
stem_only,0.7598781179138322,1232,7
