,P@10,R@10,AP,MAP
cocoa prices,0.2,1.0,1.0,0.6211309523809524
oil market,0.3,1.0,1.0,0.6211309523809524
company earnings,0.5,0.20833333333333334,0.5746031746031746,0.6211309523809524
acquisition deal,0.5,0.35714285714285715,0.8111111111111111,0.6211309523809524
trade balance,0.1,1.0,1.0,0.6211309523809524
foreign exchange,0.0,0.0,0.0,0.6211309523809524
grain crop,0.0,0.0,0.0,0.6211309523809524
interest rates,0.2,0.6666666666666666,0.5833333333333333,0.6211309523809524
