query,relevants,top_docs,p10,r10,ap
trade balance,30,"[169, 240, 88, 426, 160, 399, 184, 264, 292, 162]",0.7,0.23333333333333334,0.8444444444444443
