query,relevants,top_docs,p10,r10,ap
company earnings,167,"[382, 381, 285, 4, 70, 78, 322, 301, 62, 298]",0.8,0.04790419161676647,0.6427579365079366
