query,relevants,top_docs,p10,r10,ap
grain crop,23,"[107, 438, 34, 378, 189, 311, 0, 200, 410, 357]",0.6,0.2608695652173913,0.6092592592592593
