query,relevants,top_docs,p10,r10,ap
oil market,33,"[49, 208, 122, 127, 487, 46, 144, 402, 104, 120]",0.9,0.2727272727272727,0.8412257495590829
